{"cameraMode":{"drawMode":0,"name":"Shaded","section":"Shading Mode"},"sceneLighting":false,"audioPlay":false,"sceneViewState":{"showFog":true,"showMaterialUpdate":false,"showSkybox":true,"showFlares":true,"showImageEffects":true,"showParticleSystems":true},"in2DMode":false,"pivot":{"x":-12.758951187133789,"y":4.309999942779541,"z":0.3659999966621399},"rotation":{"x":0.007934358902275563,"y":-0.8968769907951355,"z":0.4419116973876953,"w":0.01621207967400551},"size":22.0,"orthographic":false}