{"cameraMode":{"drawMode":0,"name":"Shaded","section":"Shading Mode"},"sceneLighting":false,"audioPlay":false,"sceneViewState":{"showFog":true,"showMaterialUpdate":false,"showSkybox":true,"showFlares":true,"showImageEffects":true,"showParticleSystems":true},"in2DMode":false,"pivot":{"x":-4.5289998054504398,"y":5.421000003814697,"z":5.786599159240723},"rotation":{"x":-0.2012965977191925,"y":0.034284260123968127,"z":-0.007108872756361961,"w":-0.9789044260978699},"size":1.9109914302825928,"orthographic":false}