{"cameraMode":{"drawMode":0,"name":"Shaded","section":"Shading Mode"},"sceneLighting":false,"audioPlay":false,"sceneViewState":{"showFog":true,"showMaterialUpdate":false,"showSkybox":true,"showFlares":true,"showImageEffects":true,"showParticleSystems":true},"in2DMode":false,"pivot":{"x":-2.5299999713897707,"y":5.10719108581543,"z":2.4061999320983888},"rotation":{"x":-0.22659702599048615,"y":0.31370264291763308,"z":-0.07742635905742645,"w":-0.9188305735588074},"size":1.9719420671463013,"orthographic":false}