{"cameraMode":{"drawMode":0,"name":"Shaded","section":"Shading Mode"},"sceneLighting":true,"audioPlay":false,"sceneViewState":{"showFog":true,"showMaterialUpdate":false,"showSkybox":true,"showFlares":true,"showImageEffects":true,"showParticleSystems":true},"in2DMode":false,"pivot":{"x":-15.834001541137696,"y":4.93165922164917,"z":5.372922897338867},"rotation":{"x":-0.044835589826107028,"y":0.9489237070083618,"z":-0.15833407640457154,"w":-0.2691911458969116},"size":11.781609535217286,"orthographic":false}