{"cameraMode":{"drawMode":0,"name":"Shaded","section":"Shading Mode"},"sceneLighting":false,"audioPlay":false,"sceneViewState":{"showFog":true,"showMaterialUpdate":false,"showSkybox":true,"showFlares":true,"showImageEffects":true,"showParticleSystems":true},"in2DMode":false,"pivot":{"x":0.0002919137477874756,"y":0.0001682490110397339,"z":0.11449962854385376},"rotation":{"x":0.12688861787319184,"y":-0.8725195527076721,"z":0.3498327434062958,"w":0.3165847957134247},"size":0.9320577383041382,"orthographic":false}