{"cameraMode":{"drawMode":0,"name":"Shaded","section":"Shading Mode"},"sceneLighting":true,"audioPlay":false,"sceneViewState":{"showFog":true,"showMaterialUpdate":false,"showSkybox":true,"showFlares":true,"showImageEffects":true,"showParticleSystems":true},"in2DMode":false,"pivot":{"x":240.85394287109376,"y":61.011505126953128,"z":169.45394897460938},"rotation":{"x":-0.180533766746521,"y":0.05412529781460762,"z":-0.010026583448052407,"w":-0.9820272326469421},"size":1158.8011474609375,"orthographic":false}