{"cameraMode":{"drawMode":0,"name":"Shaded","section":"Shading Mode"},"sceneLighting":false,"audioPlay":false,"sceneViewState":{"showFog":true,"showMaterialUpdate":false,"showSkybox":true,"showFlares":true,"showImageEffects":true,"showParticleSystems":true},"in2DMode":false,"pivot":{"x":-16.93930435180664,"y":5.462481498718262,"z":8.516140937805176},"rotation":{"x":0.05244792625308037,"y":-0.8028592467308044,"z":0.07152227312326431,"w":0.5895344018936157},"size":3.397883653640747,"orthographic":false}