{"cameraMode":{"drawMode":0,"name":"Shaded","section":"Shading Mode"},"sceneLighting":false,"audioPlay":false,"sceneViewState":{"showFog":true,"showMaterialUpdate":false,"showSkybox":true,"showFlares":true,"showImageEffects":true,"showParticleSystems":true},"in2DMode":false,"pivot":{"x":-13.02163314819336,"y":5.000089168548584,"z":5.03199577331543},"rotation":{"x":0.027187686413526536,"y":-0.9619412422180176,"z":0.25107690691947939,"w":0.10435674339532852},"size":4.765626907348633,"orthographic":false}