{"cameraMode":{"drawMode":0,"name":"Shaded","section":"Shading Mode"},"sceneLighting":false,"audioPlay":false,"sceneViewState":{"showFog":true,"showMaterialUpdate":false,"showSkybox":true,"showFlares":true,"showImageEffects":true,"showParticleSystems":true},"in2DMode":false,"pivot":{"x":0.1156151294708252,"y":4.410996437072754,"z":-4.2639360427856449},"rotation":{"x":0.013398122042417527,"y":0.6037461757659912,"z":-0.010150550864636898,"w":0.796999454498291},"size":4.448991298675537,"orthographic":false}