{"cameraMode":{"drawMode":0,"name":"Shaded","section":"Shading Mode"},"sceneLighting":false,"audioPlay":false,"sceneViewState":{"showFog":true,"showMaterialUpdate":false,"showSkybox":true,"showFlares":true,"showImageEffects":true,"showParticleSystems":true},"in2DMode":false,"pivot":{"x":1.6550638675689698,"y":3.8284215927124025,"z":-4.479286193847656},"rotation":{"x":0.028778309002518655,"y":0.043770622462034228,"z":-0.001261043595150113,"w":0.9986262917518616},"size":2.5523154735565187,"orthographic":false}