{"cameraMode":{"drawMode":0,"name":"Shaded","section":"Shading Mode"},"sceneLighting":false,"audioPlay":false,"sceneViewState":{"showFog":true,"showMaterialUpdate":false,"showSkybox":true,"showFlares":true,"showImageEffects":true,"showParticleSystems":true},"in2DMode":false,"pivot":{"x":-4.116506576538086,"y":5.046999931335449,"z":11.521438598632813},"rotation":{"x":0.19554173946380616,"y":-0.0041137742809951309,"z":0.00082249945262447,"w":0.9806864857673645},"size":4.293604850769043,"orthographic":false}