{"cameraMode":{"drawMode":0,"name":"Shaded","section":"Shading Mode"},"sceneLighting":false,"audioPlay":false,"sceneViewState":{"showFog":true,"showMaterialUpdate":false,"showSkybox":true,"showFlares":true,"showImageEffects":true,"showParticleSystems":true},"in2DMode":false,"pivot":{"x":1.2302314043045045,"y":5.046999931335449,"z":4.3743672370910648},"rotation":{"x":0.11925895512104035,"y":0.11175229400396347,"z":-0.013508143834769726,"w":0.9864615201950073},"size":4.116496562957764,"orthographic":false}