{"cameraMode":{"drawMode":0,"name":"Shaded","section":"Shading Mode"},"sceneLighting":false,"audioPlay":false,"sceneViewState":{"showFog":true,"showMaterialUpdate":false,"showSkybox":true,"showFlares":true,"showImageEffects":true,"showParticleSystems":true},"in2DMode":false,"pivot":{"x":0.0,"y":4.685999870300293,"z":-0.027000010013580323},"rotation":{"x":-0.16479763388633729,"y":0.6479817032814026,"z":-0.1464732587337494,"w":-0.7290453314781189},"size":2.4876840114593508,"orthographic":false}