{"cameraMode":{"drawMode":0,"name":"Shaded","section":"Shading Mode"},"sceneLighting":false,"audioPlay":false,"sceneViewState":{"showFog":true,"showMaterialUpdate":false,"showSkybox":true,"showFlares":true,"showImageEffects":true,"showParticleSystems":true},"in2DMode":false,"pivot":{"x":-2.514392137527466,"y":5.066237449645996,"z":2.4314374923706056},"rotation":{"x":-0.07831486314535141,"y":0.9085308909416199,"z":-0.35952630639076235,"w":-0.19793783128261567},"size":2.57194185256958,"orthographic":false}