{"cameraMode":{"drawMode":0,"name":"Shaded","section":"Shading Mode"},"sceneLighting":false,"audioPlay":false,"sceneViewState":{"showFog":true,"showMaterialUpdate":false,"showSkybox":true,"showFlares":true,"showImageEffects":true,"showParticleSystems":true},"in2DMode":false,"pivot":{"x":-0.14752274751663209,"y":4.7931413650512699,"z":0.09984265267848969},"rotation":{"x":-0.06052940711379051,"y":0.7053492069244385,"z":-0.06067470461130142,"w":-0.7036598920822144},"size":1.702038288116455,"orthographic":false}