{"cameraMode":{"drawMode":0,"name":"Shaded","section":"Shading Mode"},"sceneLighting":false,"audioPlay":false,"sceneViewState":{"showFog":true,"showMaterialUpdate":false,"showSkybox":true,"showFlares":true,"showImageEffects":true,"showParticleSystems":true},"in2DMode":false,"pivot":{"x":-12.411466598510743,"y":4.668015956878662,"z":0.3587784767150879},"rotation":{"x":-0.18073154985904694,"y":-0.029528571292757989,"z":0.005463374312967062,"w":-0.9830739498138428},"size":2.3953468799591066,"orthographic":false}