{"cameraMode":{"drawMode":0,"name":"Shaded","section":"Shading Mode"},"sceneLighting":false,"audioPlay":false,"sceneViewState":{"showFog":true,"showMaterialUpdate":false,"showSkybox":true,"showFlares":true,"showImageEffects":true,"showParticleSystems":true},"in2DMode":false,"pivot":{"x":-2.514392137527466,"y":5.066237449645996,"z":2.4314374923706056},"rotation":{"x":-0.012266837991774083,"y":0.963901937007904,"z":-0.04515735059976578,"w":-0.26211345195770266},"size":1.0719420909881592,"orthographic":false}