{"cameraMode":{"drawMode":0,"name":"Shaded","section":"Shading Mode"},"sceneLighting":false,"audioPlay":false,"sceneViewState":{"showFog":true,"showMaterialUpdate":false,"showSkybox":true,"showFlares":true,"showImageEffects":true,"showParticleSystems":true},"in2DMode":false,"pivot":{"x":1.3667099475860596,"y":2.1581127643585207,"z":0.5998721122741699},"rotation":{"x":0.12149307131767273,"y":-0.01607610657811165,"z":0.0019686922896653415,"w":0.9924601316452026},"size":7.439111232757568,"orthographic":false}