{"cameraMode":{"drawMode":0,"name":"Shaded","section":"Shading Mode"},"sceneLighting":false,"audioPlay":false,"sceneViewState":{"showFog":true,"showMaterialUpdate":false,"showSkybox":true,"showFlares":true,"showImageEffects":true,"showParticleSystems":true},"in2DMode":false,"pivot":{"x":-4.720196723937988,"y":5.884121894836426,"z":6.026253700256348},"rotation":{"x":-0.08521168678998947,"y":-0.9030149579048157,"z":0.21125556528568269,"w":-0.3642444908618927},"size":6.757885456085205,"orthographic":false}