{"cameraMode":{"drawMode":0,"name":"Shaded","section":"Shading Mode"},"sceneLighting":false,"audioPlay":false,"sceneViewState":{"showFog":true,"showMaterialUpdate":false,"showSkybox":true,"showFlares":true,"showImageEffects":true,"showParticleSystems":true},"in2DMode":false,"pivot":{"x":1.4935407638549805,"y":3.3084797859191896,"z":-4.230581283569336},"rotation":{"x":0.20675750076770783,"y":0.383139967918396,"z":-0.08842091262340546,"w":0.8959000706672669},"size":1.8871960639953614,"orthographic":false}