{"cameraMode":{"drawMode":0,"name":"Shaded","section":"Shading Mode"},"sceneLighting":true,"audioPlay":false,"sceneViewState":{"showFog":true,"showMaterialUpdate":false,"showSkybox":true,"showFlares":true,"showImageEffects":true,"showParticleSystems":true},"in2DMode":false,"pivot":{"x":-2.5695297718048097,"y":4.286752700805664,"z":4.57732629776001},"rotation":{"x":0.049564849585294726,"y":0.9404767751693726,"z":-0.1569216251373291,"w":0.2973591983318329},"size":7.07951545715332,"orthographic":false}