{"cameraMode":{"drawMode":0,"name":"Shaded","section":"Shading Mode"},"sceneLighting":false,"audioPlay":false,"sceneViewState":{"showFog":true,"showMaterialUpdate":false,"showSkybox":true,"showFlares":true,"showImageEffects":true,"showParticleSystems":true},"in2DMode":false,"pivot":{"x":-6.771999835968018,"y":5.822999954223633,"z":5.079999923706055},"rotation":{"x":0.2971900403499603,"y":0.019504789263010026,"z":-0.006111972965300083,"w":0.9545994997024536},"size":2.963096857070923,"orthographic":false}