{"cameraMode":{"drawMode":0,"name":"Shaded","section":"Shading Mode"},"sceneLighting":false,"audioPlay":false,"sceneViewState":{"showFog":true,"showMaterialUpdate":false,"showSkybox":true,"showFlares":true,"showImageEffects":true,"showParticleSystems":true},"in2DMode":false,"pivot":{"x":-4.545544147491455,"y":5.426935195922852,"z":5.772892951965332},"rotation":{"x":0.3052676320075989,"y":-0.0579429529607296,"z":0.01856296695768833,"w":0.950320839881897},"size":9.206324577331543,"orthographic":false}