{"cameraMode":{"drawMode":0,"name":"Shaded","section":"Shading Mode"},"sceneLighting":false,"audioPlay":false,"sceneViewState":{"showFog":true,"showMaterialUpdate":false,"showSkybox":true,"showFlares":true,"showImageEffects":true,"showParticleSystems":true},"in2DMode":false,"pivot":{"x":-0.3209553360939026,"y":2.8681912422180177,"z":-4.487709045410156},"rotation":{"x":0.1704561561346054,"y":0.6858687400817871,"z":-0.17025063931941987,"w":0.6866903305053711},"size":3.2489912509918215,"orthographic":false}